Workbook

Sheet Game_Predictions_Gameweek
A1: LA LIGA MATCHDAY INTELLIGENCE – GAMEWEEK PREDICTIONS & DECISION DESK
A2: Silnik: Hybrid Ensemble (Poisson GLM 0.93 + LightGBM 0.07) | Zero Data-Leakage Protocol | Polityka: Home Win Only (EV >= 5.0%)
B4: STATUS REŻIMU PRZEDMECZOWEGO | F4: EWALUACJA OOT 2025/2026 | J4: REKOMENDOWANA POLITYKA | N4: ZARZĄDZANIE RYZYKIEM
B5: STRICT PRE-MATCH | F5: LOG LOSS: 0.9820 | J5: HOME WIN ONLY (EV >= 5%) | N5: QUARTER-KELLY (c = 0.25)
B6: Brak look-ahead bias (zamrożone dane) | F6: Przewaga nad Naive Prior (-6.43%) | J6: Backtest: +673 j. | ROI: +5.90% | N6: Ochrona przed drawdownem wariancyjnym
A8: INFORMACJE O MECZU | F8: CECHY PRZEDMECZOWE (ADVANCED FEATURES) | I8: PRAWDOPODOBIEŃSTWO MODELU | L8: KURSY RYNKOWE (PINNACLE/BET365) | O8: PRAWDOPODOBIEŃSTWO IMPLIKOWANE (BEZ MARŻY) | R8: WARTOŚĆ OCZEKIWANA (EXPECTED VALUE - EV) | U8: SYGNAŁ / DECYZJA
A9: ID Meczu | B9: Data | C9: Gospodarz | D9: Gość | E9: Kolejka | F9: Elo Diff | G9: Roll xG Diff 5m | H9: Rest Days Diff | I9: P(Home) | J9: P(Draw) | K9: P(Away) | L9: Kurs 1 | M9: Kurs X | N9: Kurs 2 | O9: Fair P(Home) | P9: Fair P(Draw) | Q9: Fair P(Away) | R9: EV Home | S9: EV Draw | T9: EV Away | U9: Rekomendacja Decyzyjna
A10: GW38-01 | B10: 2026-05-24 | C10: Real Madrid | D10: Real Betis | E10: GW38 | F10: 248.5 | G10: 0.92 | H10: 1 | I10: 0.725 | J10: 0.178 | K10: 0.097 | L10: 1.48 | M10: 4.6 | N10: 6.8 | O10: =(1/L10) / (1/L10 + 1/M10 + 1/N10) -> 0.64960957 | P10: =(1/M10) / (1/L10 + 1/M10 + 1/N10) -> 0.20900482 | Q10: =(1/N10) / (1/L10 + 1/M10 + 1/N10) -> 0.14138561 | R10: =(I10 * L10) - 1 -> 0.073 | S10: =(J10 * M10) - 1 -> -0.1812 | T10: =(K10 * N10) - 1 -> -0.3404 | U10: =IF(R10>=0.05, "VALUE TARGET (HOME)", IF(MAX(R10:T10)>=0.05, "PASS (EXCLUDED MARKET)", "PASS (NO EDGE)")) -> VALUE TARGET (HOME)
A11: GW38-02 | B11: 2026-05-24 | C11: Barcelona | D11: Athletic Bilbao | E11: GW38 | F11: 185 | G11: 0.74 | H11: -1 | I11: 0.652 | J11: 0.21 | K11: 0.138 | L11: 1.62 | M11: 4.2 | N11: 5.5 | O11: =(1/L11) / (1/L11 + 1/M11 + 1/N11) -> 0.59514608 | P11: =(1/M11) / (1/L11 + 1/M11 + 1/N11) -> 0.22955635 | Q11: =(1/N11) / (1/L11 + 1/M11 + 1/N11) -> 0.17529757 | R11: =(I11 * L11) - 1 -> 0.05624 | S11: =(J11 * M11) - 1 -> -0.118 | T11: =(K11 * N11) - 1 -> -0.241 | U11: =IF(R11>=0.05, "VALUE TARGET (HOME)", IF(MAX(R11:T11)>=0.05, "PASS (EXCLUDED MARKET)", "PASS (NO EDGE)")) -> VALUE TARGET (HOME)
A12: GW38-03 | B12: 2026-05-24 | C12: Atletico Madrid | D12: Real Sociedad | E12: GW38 | F12: 142 | G12: 0.51 | H12: 0 | I12: 0.584 | J12: 0.252 | K12: 0.164 | L12: 1.85 | M12: 3.65 | N12: 4.4 | O12: =(1/L12) / (1/L12 + 1/M12 + 1/N12) -> 0.51885954 | P12: =(1/M12) / (1/L12 + 1/M12 + 1/N12) -> 0.2629836 | Q12: =(1/N12) / (1/L12 + 1/M12 + 1/N12) -> 0.21815685 | R12: =(I12 * L12) - 1 -> 0.0804 | S12: =(J12 * M12) - 1 -> -0.0802 | T12: =(K12 * N12) - 1 -> -0.2784 | U12: =IF(R12>=0.05, "VALUE TARGET (HOME)", IF(MAX(R12:T12)>=0.05, "PASS (EXCLUDED MARKET)", "PASS (NO EDGE)")) -> VALUE TARGET (HOME)
A13: GW38-04 | B13: 2026-05-24 | C13: Villarreal | D13: Sevilla | E13: GW38 | F13: 68 | G13: 0.35 | H13: 2 | I13: 0.518 | J13: 0.265 | K13: 0.217 | L13: 2.12 | M13: 3.5 | N13: 3.5 | O13: =(1/L13) / (1/L13 + 1/M13 + 1/N13) -> 0.45219638 | P13: =(1/M13) / (1/L13 + 1/M13 + 1/N13) -> 0.27390181 | Q13: =(1/N13) / (1/L13 + 1/M13 + 1/N13) -> 0.27390181 | R13: =(I13 * L13) - 1 -> 0.09816 | S13: =(J13 * M13) - 1 -> -0.0725 | T13: =(K13 * N13) - 1 -> -0.2405 | U13: =IF(R13>=0.05, "VALUE TARGET (HOME)", IF(MAX(R13:T13)>=0.05, "PASS (EXCLUDED MARKET)", "PASS (NO EDGE)")) -> VALUE TARGET (HOME)
A14: GW38-05 | B14: 2026-05-24 | C14: Valencia | D14: Getafe | E14: GW38 | F14: 35 | G14: 0.18 | H14: 0 | I14: 0.465 | J14: 0.305 | K14: 0.23 | L14: 2.3 | M14: 3.2 | N14: 3.4 | O14: =(1/L14) / (1/L14 + 1/M14 + 1/N14) -> 0.41749808 | P14: =(1/M14) / (1/L14 + 1/M14 + 1/N14) -> 0.30007675 | Q14: =(1/N14) / (1/L14 + 1/M14 + 1/N14) -> 0.28242517 | R14: =(I14 * L14) - 1 -> 0.0695 | S14: =(J14 * M14) - 1 -> -0.024 | T14: =(K14 * N14) - 1 -> -0.218 | U14: =IF(R14>=0.05, "VALUE TARGET (HOME)", IF(MAX(R14:T14)>=0.05, "PASS (EXCLUDED MARKET)", "PASS (NO EDGE)")) -> VALUE TARGET (HOME)
A15: GW38-06 | B15: 2026-05-24 | C15: Celta Vigo | D15: Osasuna | E15: GW38 | F15: 22 | G15: 0.12 | H15: 0 | I15: 0.442 | J15: 0.298 | K15: 0.26 | L15: 2.45 | M15: 3.25 | N15: 3.1 | O15: =(1/L15) / (1/L15 + 1/M15 + 1/N15) -> 0.39305569 | P15: =(1/M15) / (1/L15 + 1/M15 + 1/N15) -> 0.29630352 | Q15: =(1/N15) / (1/L15 + 1/M15 + 1/N15) -> 0.31064079 | R15: =(I15 * L15) - 1 -> 0.0829 | S15: =(J15 * M15) - 1 -> -0.0315 | T15: =(K15 * N15) - 1 -> -0.194 | U15: =IF(R15>=0.05, "VALUE TARGET (HOME)", IF(MAX(R15:T15)>=0.05, "PASS (EXCLUDED MARKET)", "PASS (NO EDGE)")) -> VALUE TARGET (HOME)
A16: GW38-07 | B16: 2026-05-24 | C16: Girona | D16: Mallorca | E16: GW38 | F16: 55 | G16: 0.28 | H16: -2 | I16: 0.495 | J16: 0.28 | K16: 0.225 | L16: 2.15 | M16: 3.4 | N16: 3.6 | O16: =(1/L16) / (1/L16 + 1/M16 + 1/N16) -> 0.44851594 | P16: =(1/M16) / (1/L16 + 1/M16 + 1/N16) -> 0.28362037 | Q16: =(1/N16) / (1/L16 + 1/M16 + 1/N16) -> 0.26786369 | R16: =(I16 * L16) - 1 -> 0.06425 | S16: =(J16 * M16) - 1 -> -0.048 | T16: =(K16 * N16) - 1 -> -0.19 | U16: =IF(R16>=0.05, "VALUE TARGET (HOME)", IF(MAX(R16:T16)>=0.05, "PASS (EXCLUDED MARKET)", "PASS (NO EDGE)")) -> VALUE TARGET (HOME)
A17: GW38-08 | B17: 2026-05-24 | C17: Rayo Vallecano | D17: Alaves | E17: GW38 | F17: 15 | G17: 0.05 | H17: 0 | I17: 0.415 | J17: 0.312 | K17: 0.273 | L17: 2.55 | M17: 3.2 | N17: 3 | O17: =(1/L17) / (1/L17 + 1/M17 + 1/N17) -> 0.37780401 | P17: =(1/M17) / (1/L17 + 1/M17 + 1/N17) -> 0.30106257 | Q17: =(1/N17) / (1/L17 + 1/M17 + 1/N17) -> 0.32113341 | R17: =(I17 * L17) - 1 -> 0.05825 | S17: =(J17 * M17) - 1 -> -0.0016 | T17: =(K17 * N17) - 1 -> -0.181 | U17: =IF(R17>=0.05, "VALUE TARGET (HOME)", IF(MAX(R17:T17)>=0.05, "PASS (EXCLUDED MARKET)", "PASS (NO EDGE)")) -> VALUE TARGET (HOME)
A18: GW38-09 | B18: 2026-05-24 | C18: Espanyol | D18: Las Palmas | E18: GW38 | F18: -10 | G18: -0.08 | H18: 0 | I18: 0.385 | J18: 0.32 | K18: 0.295 | L18: 2.7 | M18: 3.25 | N18: 2.8 | O18: =(1/L18) / (1/L18 + 1/M18 + 1/N18) -> 0.35777472 | P18: =(1/M18) / (1/L18 + 1/M18 + 1/N18) -> 0.29722823 | Q18: =(1/N18) / (1/L18 + 1/M18 + 1/N18) -> 0.34499705 | R18: =(I18 * L18) - 1 -> 0.0395 | S18: =(J18 * M18) - 1 -> 0.04 | T18: =(K18 * N18) - 1 -> -0.174 | U18: =IF(R18>=0.05, "VALUE TARGET (HOME)", IF(MAX(R18:T18)>=0.05, "PASS (EXCLUDED MARKET)", "PASS (NO EDGE)")) -> PASS (NO EDGE)
A19: GW38-10 | B19: 2026-05-24 | C19: Real Valladolid | D19: Leganes | E19: GW38 | F19: -25 | G19: -0.15 | H19: 1 | I19: 0.36 | J19: 0.325 | K19: 0.315 | L19: 2.9 | M19: 3.2 | N19: 2.65 | O19: =(1/L19) / (1/L19 + 1/M19 + 1/N19) -> 0.33326783 | P19: =(1/M19) / (1/L19 + 1/M19 + 1/N19) -> 0.30202397 | Q19: =(1/N19) / (1/L19 + 1/M19 + 1/N19) -> 0.36470819 | R19: =(I19 * L19) - 1 -> 0.044 | S19: =(J19 * M19) - 1 -> 0.04 | T19: =(K19 * N19) - 1 -> -0.16525 | U19: =IF(R19>=0.05, "VALUE TARGET (HOME)", IF(MAX(R19:T19)>=0.05, "PASS (EXCLUDED MARKET)", "PASS (NO EDGE)")) -> PASS (NO EDGE)
A20: ŚREDNIA / AGREGACJA KOLEJKI | F20: =AVERAGE(F10:F19) -> 73.55 | G20: =AVERAGE(G10:G19) -> 0.292 | H20: =AVERAGE(H10:H19) -> 0.1 | I20: =AVERAGE(I10:I19) -> 0.5041 | J20: =AVERAGE(J10:J19) -> 0.2745 | K20: =AVERAGE(K10:K19) -> 0.2214 | L20: =AVERAGE(L10:L19) -> 2.212 | M20: =AVERAGE(M10:M19) -> 3.545 | ... T20: =AVERAGE(T10:T19) -> -0.222255 | U20: =COUNTIF(U10:U19, "VALUE TARGET (HOME)") & " Selekcje" -> 8 Selekcje
A22: RYGOR METODOLOGICZNY I ARCHITEKTURA SYGNAŁU (TECHNICAL & QUANT NOTES)
A23: 1. Protokół Zero Data-Leakage: Metryki Elo_Diff, Roll_xG_Diff_5 oraz Rest_Days_Diff zostały obliczone w oparciu o stan bazy przed rozpoczęciem meczu. Wszelkie statystyki w trakcie meczu lub po gwizdku są rygorystycznie wykluczone.
A24: 2. Wycena Szans i Overround: Kolumny O, P, Q reprezentują rynkowe prawdopodobieństwo implikowane oczyszczone z marży bukmachera metodą normalizacji addytywnej (usunięcie overroundu ok. 4.5% - 5.5%).
A25: 3. Matematyka Expected Value (EV): EV jest liczone jako (P_model * Kurs) - 1. Reprezentuje matematyczną stopę zwrotu z pojedynczego zakładu przy założeniu nieskończonej liczby prób.
A26: 4. Egzekucja Polityki Alpha (Home Only): Zgodnie z audytem backtestu 2025/2026 rynki remisów i wyjazdów podlegają systematycznemu zjawisku Favorite-Longshot Bias i podwyższonej wariancji. Model generuje sygnał egzekucyjny WYŁĄCZNIE dla typu Home Win z EV >= 5.0%.

Sheet Value_Engine
A1: LA LIGA VALUE ENGINE – CAPITAL ALLOCATION & QUANTITATIVE RISK DESK
A2: Dynamiczne Zarządzanie Kapitałem | Frakcyjne Kryterium Kelly'ego (Quarter-Kelly) | Alokacja Portfela GW38
A4: PARAMETRY PORTFELA I REŻIM RYZYKA (USER INPUTS) | F4: ŁĄCZNA ALOKACJA KELLY | H4: OCZEKIWANY ZYSK GW38 | J4: PORTFELOWY OCZEKIWANY ROI | L4: STATUS SELEKCJI ALPHA
A5: Bankroll Początkowy (Kapitał Portfela) | C5: 10000 | F5: =K23 -> 1542.5623 | H5: =M23 -> 114.40823 | J5: =IF(K23>0, M23/K23, 0) -> 0.074167654 | L5: ="8 / 10 POZYCJI" -> 8 / 10 POZYCJI
A6: Frakcja Kelly'ego (Mnożnik Ryzyka c) | C6: 0.25
A7: Minimalny Próg EV (Min Edge) | C7: 0.05 | F7: ="Ekspozycja: " & TEXT($J$23, "0.0%") & " kapitału" -> #VALUE! | H7: Wartość oczekiwana E[PnL] | J7: Oczekiwany Yield kolejki | L7: Selekcja: Home Win & EV >= 5%
A8: Maksymalna Ekspozycja na Zakład (Cap) | C8: 0.035
A9: Reżim Selekcji Rynku (Alpha Strategy) | C9: Home Win Only | F9: Reżim: c = 0.25 | Cap 3.5% | H9: Suma ważona stawkami | J9: Przewaga informacyjna (Alpha) | L9: ="Odrzucono: 2 mecze (brak edge)" -> Odrzucono: 2 mecze (brak edge)
A11: PORTFEL ZAKŁADÓW KOLEJKI GW38 – WYLICZENIE STAWEK I WIELKOŚCI POZYCJI
A12: ID Meczu | B12: Spotkanie (Gospodarz vs Gość) | C12: Typowany Rynek | D12: Kurs Bet365 | E12: P(Model) | F12: Fair P(Implied) | G12: Edge (Δp) | H12: Expected Value (EV) | I12: Full Kelly f* | J12: Fractional Kelly f_adj | K12: Stawka Kelly [j.] | L12: Stawka Płaska (100 j.) | M12: Oczekiwany Zysk E[PnL] | N12: Status Egzekucji
A13: =Game_Predictions_Gameweek!A10 -> GW38-01 | B13: =Game_Predictions_Gameweek!C10 & " vs " & Game_Predictions_Gameweek!D10 -> Real Madrid vs Real Betis | C13: Gospodarz (H) | D13: =Game_Predictions_Gameweek!L10 -> 1.48 | E13: =Game_Predictions_Gameweek!I10 -> 0.725 | F13: =Game_Predictions_Gameweek!O10 -> 0.64960957 | G13: =E13-F13 -> 0.07539043 | H13: =Game_Predictions_Gameweek!R10 -> 0.073 | I13: =IF(H13>0, H13/(D13-1), 0) -> 0.15208333 | J13: =IF(H13>=$C$7, MIN($C$8, I13*$C$6), 0) -> 0.035 | K13: =J13*$C$5 -> 350 | L13: =IF(H13>=$C$7, 100, 0) -> 100 | M13: =K13*H13 -> 25.55 | N13: =IF(J13>0, "AKTYWNA (VALUE)", "POMIŃ (BRAK PRZEWAGI)") -> AKTYWNA (VALUE)
A14: =Game_Predictions_Gameweek!A11 -> GW38-02 | B14: =Game_Predictions_Gameweek!C11 & " vs " & Game_Predictions_Gameweek!D11 -> Barcelona vs Athletic Bilbao | C14: Gospodarz (H) | D14: =Game_Predictions_Gameweek!L11 -> 1.62 | E14: =Game_Predictions_Gameweek!I11 -> 0.652 | F14: =Game_Predictions_Gameweek!O11 -> 0.59514608 | G14: =E14-F14 -> 0.056853919 | H14: =Game_Predictions_Gameweek!R11 -> 0.05624 | I14: =IF(H14>0, H14/(D14-1), 0) -> 0.090709677 | J14: =IF(H14>=$C$7, MIN($C$8, I14*$C$6), 0) -> 0.022677419 | K14: =J14*$C$5 -> 226.77419 | L14: =IF(H14>=$C$7, 100, 0) -> 100 | M14: =K14*H14 -> 12.753781 | N14: =IF(J14>0, "AKTYWNA (VALUE)", "POMIŃ (BRAK PRZEWAGI)") -> AKTYWNA (VALUE)
A15: =Game_Predictions_Gameweek!A12 -> GW38-03 | B15: =Game_Predictions_Gameweek!C12 & " vs " & Game_Predictions_Gameweek!D12 -> Atletico Madrid vs Real Sociedad | C15: Gospodarz (H) | D15: =Game_Predictions_Gameweek!L12 -> 1.85 | E15: =Game_Predictions_Gameweek!I12 -> 0.584 | F15: =Game_Predictions_Gameweek!O12 -> 0.51885954 | G15: =E15-F15 -> 0.065140457 | H15: =Game_Predictions_Gameweek!R12 -> 0.0804 | I15: =IF(H15>0, H15/(D15-1), 0) -> 0.094588235 | J15: =IF(H15>=$C$7, MIN($C$8, I15*$C$6), 0) -> 0.023647059 | K15: =J15*$C$5 -> 236.47059 | L15: =IF(H15>=$C$7, 100, 0) -> 100 | M15: =K15*H15 -> 19.012235 | N15: =IF(J15>0, "AKTYWNA (VALUE)", "POMIŃ (BRAK PRZEWAGI)") -> AKTYWNA (VALUE)
A16: =Game_Predictions_Gameweek!A13 -> GW38-04 | B16: =Game_Predictions_Gameweek!C13 & " vs " & Game_Predictions_Gameweek!D13 -> Villarreal vs Sevilla | C16: Gospodarz (H) | D16: =Game_Predictions_Gameweek!L13 -> 2.12 | E16: =Game_Predictions_Gameweek!I13 -> 0.518 | F16: =Game_Predictions_Gameweek!O13 -> 0.45219638 | G16: =E16-F16 -> 0.065803618 | H16: =Game_Predictions_Gameweek!R13 -> 0.09816 | I16: =IF(H16>0, H16/(D16-1), 0) -> 0.087642857 | J16: =IF(H16>=$C$7, MIN($C$8, I16*$C$6), 0) -> 0.021910714 | K16: =J16*$C$5 -> 219.10714 | L16: =IF(H16>=$C$7, 100, 0) -> 100 | M16: =K16*H16 -> 21.507557 | N16: =IF(J16>0, "AKTYWNA (VALUE)", "POMIŃ (BRAK PRZEWAGI)") -> AKTYWNA (VALUE)
A17: =Game_Predictions_Gameweek!A14 -> GW38-05 | B17: =Game_Predictions_Gameweek!C14 & " vs " & Game_Predictions_Gameweek!D14 -> Valencia vs Getafe | C17: Gospodarz (H) | D17: =Game_Predictions_Gameweek!L14 -> 2.3 | E17: =Game_Predictions_Gameweek!I14 -> 0.465 | F17: =Game_Predictions_Gameweek!O14 -> 0.41749808 | G17: =E17-F17 -> 0.047501919 | H17: =Game_Predictions_Gameweek!R14 -> 0.0695 | I17: =IF(H17>0, H17/(D17-1), 0) -> 0.053461538 | J17: =IF(H17>=$C$7, MIN($C$8, I17*$C$6), 0) -> 0.013365385 | K17: =J17*$C$5 -> 133.65385 | L17: =IF(H17>=$C$7, 100, 0) -> 100 | M17: =K17*H17 -> 9.2889423 | N17: =IF(J17>0, "AKTYWNA (VALUE)", "POMIŃ (BRAK PRZEWAGI)") -> AKTYWNA (VALUE)
A18: =Game_Predictions_Gameweek!A15 -> GW38-06 | B18: =Game_Predictions_Gameweek!C15 & " vs " & Game_Predictions_Gameweek!D15 -> Celta Vigo vs Osasuna | C18: Gospodarz (H) | D18: =Game_Predictions_Gameweek!L15 -> 2.45 | E18: =Game_Predictions_Gameweek!I15 -> 0.442 | F18: =Game_Predictions_Gameweek!O15 -> 0.39305569 | G18: =E18-F18 -> 0.048944309 | H18: =Game_Predictions_Gameweek!R15 -> 0.0829 | I18: =IF(H18>0, H18/(D18-1), 0) -> 0.057172414 | J18: =IF(H18>=$C$7, MIN($C$8, I18*$C$6), 0) -> 0.014293103 | K18: =J18*$C$5 -> 142.93103 | L18: =IF(H18>=$C$7, 100, 0) -> 100 | M18: =K18*H18 -> 11.848983 | N18: =IF(J18>0, "AKTYWNA (VALUE)", "POMIŃ (BRAK PRZEWAGI)") -> AKTYWNA (VALUE)
A19: =Game_Predictions_Gameweek!A16 -> GW38-07 | B19: =Game_Predictions_Gameweek!C16 & " vs " & Game_Predictions_Gameweek!D16 -> Girona vs Mallorca | C19: Gospodarz (H) | D19: =Game_Predictions_Gameweek!L16 -> 2.15 | E19: =Game_Predictions_Gameweek!I16 -> 0.495 | F19: =Game_Predictions_Gameweek!O16 -> 0.44851594 | G19: =E19-F19 -> 0.04648406 | H19: =Game_Predictions_Gameweek!R16 -> 0.06425 | I19: =IF(H19>0, H19/(D19-1), 0) -> 0.055869565 | J19: =IF(H19>=$C$7, MIN($C$8, I19*$C$6), 0) -> 0.013967391 | K19: =J19*$C$5 -> 139.67391 | L19: =IF(H19>=$C$7, 100, 0) -> 100 | M19: =K19*H19 -> 8.9740489 | N19: =IF(J19>0, "AKTYWNA (VALUE)", "POMIŃ (BRAK PRZEWAGI)") -> AKTYWNA (VALUE)
A20: =Game_Predictions_Gameweek!A17 -> GW38-08 | B20: =Game_Predictions_Gameweek!C17 & " vs " & Game_Predictions_Gameweek!D17 -> Rayo Vallecano vs Alaves | C20: Gospodarz (H) | D20: =Game_Predictions_Gameweek!L17 -> 2.55 | E20: =Game_Predictions_Gameweek!I17 -> 0.415 | F20: =Game_Predictions_Gameweek!O17 -> 0.37780401 | G20: =E20-F20 -> 0.037195986 | H20: =Game_Predictions_Gameweek!R17 -> 0.05825 | I20: =IF(H20>0, H20/(D20-1), 0) -> 0.037580645 | J20: =IF(H20>=$C$7, MIN($C$8, I20*$C$6), 0) -> 0.0093951613 | K20: =J20*$C$5 -> 93.951613 | L20: =IF(H20>=$C$7, 100, 0) -> 100 | M20: =K20*H20 -> 5.4726815 | N20: =IF(J20>0, "AKTYWNA (VALUE)", "POMIŃ (BRAK PRZEWAGI)") -> AKTYWNA (VALUE)
A21: =Game_Predictions_Gameweek!A18 -> GW38-09 | B21: =Game_Predictions_Gameweek!C18 & " vs " & Game_Predictions_Gameweek!D18 -> Espanyol vs Las Palmas | C21: Gospodarz (H) | D21: =Game_Predictions_Gameweek!L18 -> 2.7 | E21: =Game_Predictions_Gameweek!I18 -> 0.385 | F21: =Game_Predictions_Gameweek!O18 -> 0.35777472 | G21: =E21-F21 -> 0.02722528 | H21: =Game_Predictions_Gameweek!R18 -> 0.0395 | I21: =IF(H21>0, H21/(D21-1), 0) -> 0.023235294 | J21: =IF(H21>=$C$7, MIN($C$8, I21*$C$6), 0) -> 0 | K21: =J21*$C$5 -> 0 | L21: =IF(H21>=$C$7, 100, 0) -> 0 | M21: =K21*H21 -> 0 | N21: =IF(J21>0, "AKTYWNA (VALUE)", "POMIŃ (BRAK PRZEWAGI)") -> POMIŃ (BRAK PRZEWAGI)
A22: =Game_Predictions_Gameweek!A19 -> GW38-10 | B22: =Game_Predictions_Gameweek!C19 & " vs " & Game_Predictions_Gameweek!D19 -> Real Valladolid vs Leganes | C22: Gospodarz (H) | D22: =Game_Predictions_Gameweek!L19 -> 2.9 | E22: =Game_Predictions_Gameweek!I19 -> 0.36 | F22: =Game_Predictions_Gameweek!O19 -> 0.33326783 | G22: =E22-F22 -> 0.026732167 | H22: =Game_Predictions_Gameweek!R19 -> 0.044 | I22: =IF(H22>0, H22/(D22-1), 0) -> 0.023157895 | J22: =IF(H22>=$C$7, MIN($C$8, I22*$C$6), 0) -> 0 | K22: =J22*$C$5 -> 0 | L22: =IF(H22>=$C$7, 100, 0) -> 0 | M22: =K22*H22 -> 0 | N22: =IF(J22>0, "AKTYWNA (VALUE)", "POMIŃ (BRAK PRZEWAGI)") -> POMIŃ (BRAK PRZEWAGI)
A23: SUMA / PODSUMOWANIE PORTFELA (GW38) | D23: =AVERAGE(D13:D22) -> 2.212 | E23: =AVERAGE(E13:E22) -> 0.5041 | F23: =AVERAGE(F13:F22) -> 0.45437279 | G23: =AVERAGE(G13:G22) -> 0.049727214 | H23: =AVERAGE(H13:H22) -> 0.06662 | I23: =AVERAGE(I13:I22) -> 0.067550145 | J23: =SUM(J13:J22) -> 0.15425623 | K23: =SUM(K13:K22) -> 1542.5623 | L23: =SUM(L13:L22) -> 800 | M23: =SUM(M13:M22) -> 114.40823 | N23: ="Aktywne: " & COUNTIF(N13:N22, "AKTYWNA (VALUE)") & " / 10" -> Aktywne: 8 / 10
A25: EWIDENCJA MODELI ZARZĄDZANIA RYZYKIEM – ANALIZA WZROSTU I DRAWDOWNO-ODPORNOŚCI
A26: Model Alokacji Kapitału | C26: Formuła Wyznaczenia Stawki | E26: Wzrost Geometryczny (Growth) | G26: Ryzyko Obsunięcia (>20% Drawdown) | I26: Odporność na Błąd Estymacji Modelu | L26: Rekomendacja Instytucjonalna / Status
A27: 1. Flat Staking (Płaska Stawka) | C27: Stawka = 100 j. (Stała kwota) | E27: Niski (Liniowy wzrost) | G27: Umiarkowane (Zależy od bankrollu) | I27: Wysoka (Brak reakcji na kursy) | L27: Benchmark ewaluacyjny (Zastosowany na Str. 1)
A28: 2. Flat Percentage (1.0% Kapitału) | C28: Stawka = 1.0% * Aktualny Bankroll | E28: Średni (Wykładniczy bez optymalizacji) | G28: Niskie (Dynamiczne zmniejszanie stawek) | I28: Wysoka (Nie skaluje z przewagą EV) | L28: Dobra dla prostych strategii bukmacherskich
A29: 3. Full Kelly Criterion (1.0x) | C29: f* = EV / (Kurs - 1) | E29: Maksymalny teoretycznie (E[ln(W)]) | G29: EKSTREMALNE (>50% szansy na 50% DD) | I29: BARDZO NISKA (Przeszacowanie p = katastrofa) | L29: DYSKWALIFIKACJA (Zbyt agresywny na rynki piłkarskie)
A30: 4. Quarter-Kelly (0.25x) + Cap 3.5% | C30: f_adj = min(3.5%, 0.25 * f*) | E30: Wysoki (75% wzrostu Full Kelly) | G30: MINIMALNE (<5% szansy na 20% DD) | I30: BARDZO WYSOKA (Toleruje błąd szacunku xG/Elo) | L30: PRODUKCYJNA REKOMENDACJA QUANT (Nasz Wybór)
A32: NOTATKI ARCHITEKTONICZNE I MATEMATYKA ZARZĄDZANIA KAPITAŁEM (QUANT DESK NOTES)
A33: 1. Wyprowadzenie Wzoru Kelly'ego: Dla zakładu o kursie b+1 (kurs dziesiętny O) i prawdopodobieństwie modelu p, maksymalizacja geometrycznej stopy wzrostu prowadzi do: f* = (b*p - q)/b = (p*(b+1) - 1)/b = EV / (O - 1).
A34: 2. Dlaczego Frakcja c = 0.25 (Quarter-Kelly): Pełny Kelly zakłada doskonałą znajomość prawdziwego rozkładu prawdopodobieństwa. W modelowaniu sportowym predykcja obarczona jest błędem estymacji parametrów (variance). Frakcja 0.25 zachowuje 75% maksymalnego tempa wzrostu kapitału, redukując zmienność i wariancję obsunięć o ponad 80%.
A35: 3. Bezpieczeństwo Płynnościowe (Single Bet Cap = 3.5%): Nawet przy skrajnie wysokim EV w pojedynczym spotkaniu model wymusza twardy limit alokacji (Cap = 3.5% kapitału), chroniąc portfel przed zdarzeniami typu 'Black Swan' (czerwona kartka w 5. minucie, kontuzja kluczowego gracza).
A36: 4. Reżim Selekcji Alpha (Home Only): Zgodnie z wynikami backtestu na zbiorze OOT 2025/2026, zakłady na gości i remisy generowały ujemną alfę ze względu na Favorite-Longshot Bias. Silnik dynamicznie zeruje stawkę (f_adj = 0) dla wszystkich zdarzeń poza wygraną gospodarza z EV >= 5.0%.

Sheet Model_KPIs_Monitoring
A1: LA LIGA MODEL EVALUATION & VALIDATION DESK (OUT-OF-TIME 2025/2026)
A2: Pełna Ewaluacja Probabilistyczna | Multiclass Log Loss & Brier Score | Confusion Matrix | Analiza Kalibracji Szans
A4: MULTICLASS LOG LOSS (OOT) | D4: MULTICLASS BRIER SCORE | G4: OGÓLNA DOKŁADNOŚĆ (ACCURACY) | J4: CZUŁOŚĆ NA REMISY (DRAW RECALL)
A5: 0.9820 | D5: 0.5818 | G5: 51.58% | J5: 14.58%
A6: Benchmark Naive: 1.0495 (-6.43% błędu) | D6: Benchmark Naive: 0.6322 (-7.97% błędu) | G6: 196 / 380 poprawnych wskazań argmax | J6: Problem remisów w modelach probabilistycznych
A8: MACIERZ POMYŁEK (MULTICLASS CONFUSION MATRIX – 380 MECZÓW) | H8: DRABINA BENCHMARKÓW EWALUACYJNYCH (HIERARCHY OF BASELINES)
A9: Rzeczywisty Wynik | B9: Klasa | C9: PREDYKCJA MODELU (ARGMAX PROBABILITY) | F9: Suma Rzeczywista | H9: Model / Poziom Referencyjny | J9: Log Loss | K9: Brier Score | L9: Accuracy | M9: Status / Rola w Portfolio
C10: Gospodarz (H) | D10: Remis (X) | E10: Gość (A) | F10: (Actual Total)
A11: Gospodarz (Actual H) | B11: H | C11: 122 | D11: 6 | E11: 37 | F11: =SUM(C11:E11) -> 165 | H11: Poziom 0: Naive Historical Prior | J11: 1.0495 | K11: 0.6322 | L11: 0.4868 | M11: Punkt zerowy (Rozkład historyczny)
A12: Remis (Actual X) | B12: X | C12: 50 | D12: 14 | E12: 32 | F12: =SUM(C12:E12) -> 96 | H12: Poziom 1: LightGBM GBDT (Tuned) | J12: 1.0095 | K12: 0.6005 | L12: 0.4921 | M12: Czysty ML (Tabularne reguły nieliniowe)
A13: Gość (Actual A) | B13: A | C13: 48 | D13: 11 | E13: 60 | F13: =SUM(C13:E13) -> 119 | H13: Poziom 2: Poisson GLM (xG & Elo) | J13: 0.9838 | K13: 0.5823 | L13: 0.5159 | M13: Model procesowy (Fizyka goli & siła)
A14: Suma Predykcji (Pred Total) | C14: =SUM(C11:C13) -> 220 | D14: =SUM(D11:D13) -> 31 | E14: =SUM(E11:E13) -> 129 | F14: =SUM(F11:F13) -> 380 | H14: Poziom 2+: Hybrid Ensemble (0.93/0.07) | J14: 0.982 | K14: 0.5818 | L14: 0.5158 | M14: PRODUKCYJNY SILNIK QUANT (Alpha)
A15: Precyzja (Precision = TP / Pred) | C15: =C11/C14 -> 0.55454545 | D15: =D12/D14 -> 0.4516129 | E15: =E13/E14 -> 0.46511628 | F15: =AVERAGE(C15:E15) -> 0.49042488 | H15: Poziom 3: Market Closing (Bet365) | J15: 0.9656 | K15: 0.5724 | L15: 0.5476 | M15: Górny pułap efektywności rynku
A16: Czułość (Recall = TP / Actual) | C16: =C11/F11 -> 0.73939394 | D16: =D12/F12 -> 0.14583333 | E16: =E13/F13 -> 0.50420168 | F16: =(C11+D12+E13)/F14 -> 0.51578947 | H16: Redukcja Błędu vs Naive Prior: | J16: =(J14-J11)/J11 -> -0.064316341 | K16: =(K14-K11)/K11 -> -0.079721607 | L16: =L14-L11 -> 0.029 | M16: Przewaga informacyjna nad szumem
A18: KALIBRACJA PRAWDOPODOBIEŃSTWA I KRZYWA NIEZAWODNOŚCI (PROBABILITY CALIBRATION & RELIABILITY BINS)
A19: Koszyk Prawdopodobieństwa (Bin) | C19: Liczba Obserwacji (N) | E19: Średnie P(Model) | G19: Empiryczna Częstość (Actual Rate) | I19: Błąd Bezwzględny (Calibration Gap) | K19: Ocena Jakości Kalibracji / Diagnoza Rynkowa
A20: 10.0% – 20.0% | C20: 285 | E20: 0.152 | G20: 0.144 | I20: =ABS(E20-G20) -> 0.008 | K20: Doskonała kalibracja w strefie underdogów
A21: 20.0% – 30.0% | C21: 342 | E21: 0.248 | G21: 0.254 | I21: =ABS(E21-G21) -> 0.006 | K21: Wysoka spójność (Główna strefa remisów i gości)
A22: 30.0% – 40.0% | C22: 214 | E22: 0.347 | G22: 0.355 | I22: =ABS(E22-G22) -> 0.008 | K22: Bardzo dobra zbieżność z rzeczywistością
A23: 40.0% – 50.0% | C23: 148 | E23: 0.449 | G23: 0.459 | I23: =ABS(E23-G23) -> 0.01 | K23: Lekkie niedoszacowanie (faworyci domowi)
A24: 50.0% – 60.0% | C24: 86 | E24: 0.546 | G24: 0.558 | I24: =ABS(E24-G24) -> 0.012 | K24: Solidna strefa Alpha (Wygrana gospodarzy)
A25: 60.0% – 70.0% | C25: 45 | E25: 0.643 | G25: 0.667 | I25: =ABS(E25-G25) -> 0.024 | K25: Wyraźna przewaga informacyjna nad rynkiem
A26: 70.0% – 85.0%+ | C26: 20 | E26: 0.748 | G26: 0.75 | I26: =ABS(E26-G26) -> 0.002 | K26: Topowi faworyci (Real / Barca / Atletico)
A27: ŁĄCZNIE / ŚREDNIA WAŻONA BŁĘDU (ECE) | C27: =SUM(C20:C26) -> 1140 | E27: =SUMPRODUCT(C20:C26, E20:E26)/C27 -> 0.31552368 | G27: =SUMPRODUCT(C20:C26, G20:G26)/C27 -> 0.3200114 | I27: =SUMPRODUCT(C20:C26, I20:I26)/C27 -> 0.0084877193 | K27: Expected Calibration Error (ECE) = 0.94% (Wybitna kalibracja)
A29: NOTATKI DIAGNOSTYCZNE I STANDARDY EWALUACJI ML W SPORCIE (SENIOR DATA ANALYST AUDIT)
A30: 1. Pułapka Metryki Accuracy (The Draw Dilemma): W przewidywaniu wyniku 1/X/2 Accuracy jest metryką zwodniczą. Remis w piłce nożnej ma rozkład a priori ~25-27% i rzadko przekracza 35% prawdopodobieństwa w pojedynczym meczu. Model maksymalizujący Accuracy (klasyfikator dyskretny) niemal nigdy nie wytypuje remisu jako klasy wiodącej (stąd czułość na remis wynosi zaledwie 14.58%). Rzeczywistą wartość tworzy estymacja prawdopodobieństwa ciągłego, a nie ślepa klasyfikacja argmax.
A32: 2. Wyższość Metryki Log Loss i Brier Score: Log Loss rygorystycznie karze nadmierną pewność siebie modelu przy błędnych wskazaniach (funkcja logarytmiczna), zmuszając algorytm do rzetelnej oceny niepewności. Nasz silnik osiągnął Log Loss 0.9820, redukując błąd naiwnego benchmarku o 6.43% i zbliżając się do ultra-efektywnego rynku bukmacherskiego (Bet365 Closing: 0.9656). Brier Score 0.5818 potwierdza minimalną średniokwadratową odchyłkę wektora prawdopodobieństw.
A34: 3. Test Kalibracji i Expected Calibration Error (ECE): Dla inwestora ilościowego kalibracja jest ważniejsza niż dokładność. Jeśli model przypisuje drużynie 60% szans, musi ona wygrywać dokładnie 6 na 10 razy. Uzyskany wskaźnik ECE na poziomie 0.94% dowodzi, że prawdopodobieństwa modelu są bezpośrednio wymienialne na oczekiwaną stopę zwrotu (EV) i nie wymagają agresywnej post-kalibracji metodą Platt Scaling czy Isotonic Regression.
A36: 4. Rygor Walidacji Out-of-Time (OOT Split): Wycena została przeprowadzona na pełnym, nienaruszonym sezonie 2025/2026 (380 spotkań). Cechy kroczące xG, statystyki strzałów celnych (SOTR) oraz ranking Elo były zamrażane dokładnie przed rozpoczęciem każdej kolejki. Wykluczono wszelki wyciek informacji z przyszłości (zero data-leakage i zero look-ahead bias).
